Workbook

Sheet Contacts
A1: College | B1: City | C1: State | D1: League(s) | E1: First Name | F1: Last Name | G1: Title | H1: Email | I1: Email Type | J1: Phone | K1: Discord | L1: Contacted | M1: Interested | N1: Date Contacted | O1: Follow-Up Date | P1: Notes | Q1: Source / Program Page | R1: Info Last Seen
A2: Shelton State Community College | B2: Tuscaloosa | C2: AL | E2: Khaleb | F2: Groce | G2: Esports Coach | H2: kgroce@sheltonstate.edu | I2: Coach / program | J2: 205-391-2285 | L2: =FALSE() -> FALSE | M2: =FALSE() -> FALSE | Q2: https://athletics.sheltonstate.edu/information/directory/bios/groce-khaleb
A3: University of Arkansas Rich Mountain | B3: Mena | C3: AR | E3: Jack | F3: Harrison | G3: Esports Head Coach | H3: jharrison@uarichmountain.edu | I3: Coach / program | J3: 479-394-7622 x1431 | L3: =FALSE() -> FALSE | M3: =FALSE() -> FALSE | Q3: https://bucksathletics.prestosports.com/sports/esports/coaches/jack_harrison
A4: Mohave Community College | B4: Kingman | C4: AZ | D4: NACE | H4: amasterson@mohave.edu | I4: Admissions staff (verify) | L4: =FALSE() -> FALSE | M4: =FALSE() -> FALSE | Q4: https://en.wikipedia.org/wiki/National_Association_of_Collegiate_Esports
A5: Coastline College | B5: Fountain Valley | C5: CA | E5: Katherine | F5: Amoukhteh | G5: Esports Lead | I5: None published | L5: =FALSE() -> FALSE | M5: =FALSE() -> FALSE | P5: No public inquiry email: 714-546-7600. | Q5: https://www.cccco.edu/About-Us/News-and-Media/ccc-outlook-newsletter-archive/ivc-coastline-esports
A6: Compton College | B6: Compton | C6: CA | I6: None published | L6: =FALSE() -> FALSE | M6: =FALSE() -> FALSE | P6: No public inquiry email: 310-900-1600. | Q6: https://productiverecruit.com/athletic-scholarships/esports/iowa/iowa-western-community-college
A7: Irvine Valley College | B7: Irvine | C7: CA | E7: Adam | F7: Lopez | G7: Esports Coordinator | I7: None published | L7: =FALSE() -> FALSE | M7: =FALSE() -> FALSE | P7: No public inquiry email: 949-451-5100. | Q7: https://www.cccco.edu/About-Us/News-and-Media/ccc-outlook-newsletter-archive/ivc-coastline-esports
A8: Long Beach City College | B8: Long Beach | C8: CA | E8: Gabe | F8: Giangualano | G8: Esports Coach | I8: None published | L8: =FALSE() -> FALSE | M8: =FALSE() -> FALSE | P8: No public inquiry email: 562-938-4111. | Q8: https://lbcc.edu/showcase-1/fans-can-catch-all-exciting-action-our-youtube-channel-lbccesports9379
A9: Trinidad State College | B9: Trinidad | C9: CO | D9: NJCAAE | H9: TS.Admissions@trinidadstate.edu | I9: General inquiry (college) | L9: =FALSE() -> FALSE | M9: =FALSE() -> FALSE | Q9: https://trinidadstate.edu/esports/index.html
A10: Daytona State College | B10: Daytona Beach | C10: FL | D10: NJCAAE / NECC | E10: Sebastian | F10: Morales | G10: Esports Coordinator / Coach | I10: None published | J10: 386-506-3838 | L10: =FALSE() -> FALSE | M10: =FALSE() -> FALSE | P10: 3 straight NJCAAE Rocket League titles. Program Discord: bit.ly/DSC_EsportsDiscord No public inquiry email: 386-506-3000. | Q10: https://www.dscfalcons.com/sports/esports/coaches/sebastian_morales | R10: 2026
A11: Hawkeye Community College | B11: Waterloo | C11: IA | D11: NJCAAE | E11: Ryan | F11: Goeke | G11: Head Esports Coach | H11: holly.grimm@hawkeyecollege.edu | I11: Admissions staff (verify) | J11: 319-296-2320 x1190 | L11: =FALSE() -> FALSE | M11: =FALSE() -> FALSE | P11: Athletics office: athletics@hawkeyecollege.edu | Q11: https://redtailathletics.com/sports/esports/coaches/Ryan_Goeke_Bio | R11: 2021
A12: Iowa Central Community College | B12: Fort Dodge | C12: IA | D12: NJCAAE | E12: Sam | F12: Morlan | G12: Head eSports Coach | H12: morlan@iowacentral.edu | I12: Coach / program | J12: 515-227-0091 | L12: =FALSE() -> FALSE | M12: =FALSE() -> FALSE | Q12: https://ictritons.prestosports.com/sports/esports/coaches/morlan_sam | R12: 2022
A13: Iowa Western Community College | B13: Council Bluffs | C13: IA | D13: NJCAAE | E13: Bill | F13: Riccetti | G13: Head Esports Coach | H13: wriccetti@iwcc.edu | I13: Coach / program | L13: =FALSE() -> FALSE | M13: =FALSE() -> FALSE | P13: Head coach since 2023-24. | Q13: https://goreivers.com/sports/esports/coaches/billricetti | R13: 2025
A14: Marshalltown Community College | B14: Marshalltown | C14: IA | D14: NJCAAE | E14: Nate | F14: Rodemeyer | G14: Head Esports Coach | H14: mccinfo@iavalley.edu | I14: General inquiry (college) | J14: 641-844-5789 | L14: =FALSE() -> FALSE | M14: =FALSE() -> FALSE | P14: 2026 NAECAD College Coach of the Year. Co-coaches: Andrew Goforth, Max Pietrzak. | Q14: https://mccathletics.com/sports/esports/coaches/Nate_Rodemeyer | R14: 2026
A15: Western Iowa Tech Community College | B15: Sioux City | C15: IA | D15: NJCAAE | E15: Mike | F15: Craig | G15: Head Coach, Esports | H15: mike.craig@witcc.edu | I15: Coach / program | J15: 712-587-9688 | L15: =FALSE() -> FALSE | M15: =FALSE() -> FALSE | P15: Co-head coach: Cale Conner (cale.conner@witcc.edu). | Q15: https://bytespeed.com/naecad-collegiate-esports-guide/ | R15: 2024
A16: College of Lake County | B16: Grayslake | C16: IL | D16: NJCAAE | E16: Matthew | F16: Hixon | G16: Head Coach, E-Sports | I16: None published | L16: =FALSE() -> FALSE | M16: =FALSE() -> FALSE | P16: Previously inaugural coach at Kishwaukee College. No public inquiry email: Student recruitment 847-543-2383. | Q16: https://clclancers.com/staff-directory/matthew-hixon/28 | R16: 2024
A17: Heartland Community College | B17: Normal | C17: IL | D17: NJCAAE | E17: Cole | F17: Belcher | G17: Head Esports Coach | H17: frc@heartland.edu | I17: Athletics office | J17: 309-268-8432 (athletics) | L17: =FALSE() -> FALSE | M17: =FALSE() -> FALSE | P17: Athletics: frc@heartland.edu. 2026 NJCAAE Rocket League national runner-up. | Q17: https://www.heartland.edu/news/2024/6.2024BelcherEsportsCoach062524.html | R17: 2024
A18: Kishwaukee College | B18: Malta | C18: IL | D18: NJCAAE | H18: ghorta@kish.edu | I18: Admissions staff (verify) | L18: =FALSE() -> FALSE | M18: =FALSE() -> FALSE | Q18: https://productiverecruit.com/athletic-scholarships/esports/kansas/highland-community-college
A19: Lincoln Land Community College | B19: Springfield | C19: IL | D19: NJCAAE | H19: robin.ackman@llcc.edu | I19: Admissions staff (verify) | L19: =FALSE() -> FALSE | M19: =FALSE() -> FALSE | Q19: https://productiverecruit.com/athletic-scholarships/esports/michigan/muskegon-community-college
A20: William Rainey Harper College | B20: Palatine | C20: IL | D20: NJCAAE | I20: None published | L20: =FALSE() -> FALSE | M20: =FALSE() -> FALSE | P20: No public inquiry email: 847-925-6000; general inquiry form on harpercollege.edu. | Q20: https://productiverecruit.com/athletic-scholarships/esports/pennsylvania/montgomery-county-community-college
A21: Barton County Community College | B21: Great Bend | C21: KS | H21: admissions@bartonccc.edu | I21: General inquiry (college) | L21: =FALSE() -> FALSE | M21: =FALSE() -> FALSE | Q21: https://productiverecruit.com/athletic-scholarships/esports/kansas/highland-community-college
A22: Coffeyville Community College | B22: Coffeyville | C22: KS | D22: NACE | G22: E-Sports Coach | H22: admissions@coffeyville.edu | I22: General inquiry (college) | J22: 620-251-7700 (main) | L22: =FALSE() -> FALSE | M22: =FALSE() -> FALSE | P22: Coach page exists but name not captured; check link. Titles: LoL, OW, RL, Fortnite, R6. | Q22: https://www.coffeyville.edu/student-organizations-and-activities/esports/esports-coach
A23: Fort Scott Community College | B23: Fort Scott | C23: KS | D23: NJCAAE | E23: Ben | F23: Souza | G23: Head Esports Coach | H23: bens@fortscott.edu | I23: Coach / program | J23: 620-223-2700 x4110 | L23: =FALSE() -> FALSE | M23: =FALSE() -> FALSE | Q23: https://fortscott.prestosports.com/sports/esports/coaches/Ben_Souza | R23: 2024
A24: Hesston College | B24: Hesston | C24: KS | D24: NJCAAE | E24: Mitchell | F24: Margaris | G24: Esports Head Coach | H24: mitchell.margaris@hesston.edu | I24: Coach / program | L24: =FALSE() -> FALSE | M24: =FALSE() -> FALSE | Q24: https://hesston.edu/about/leadership-faculty-and-staff/faculty-and-staff-directory/mitchell-margaris | R24: 2025
A25: Highland Community College | B25: Highland | C25: KS | D25: NJCAAE / NACE | H25: admissions@highland.edu | I25: General inquiry (college) | L25: =FALSE() -> FALSE | M25: =FALSE() -> FALSE | P25: Coach not listed publicly. 2026 NJCAAE D1 Street Fighter 6 finalist. | Q25: https://productiverecruit.com/athletic-scholarships/esports/kansas/highland-community-college
A26: Independence Community College | B26: Independence | C26: KS | D26: NACE | H26: bthornton@indycc.edu | I26: Admissions staff (verify) | L26: =FALSE() -> FALSE | M26: =FALSE() -> FALSE | Q26: https://en.wikipedia.org/wiki/National_Association_of_Collegiate_Esports
A27: Pratt Community College | B27: Pratt | C27: KS | D27: NJCAAE / NACE | E27: Charles | F27: Keefer | G27: Head Esports Coach | H27: charlesk@prattcc.edu | I27: Coach / program | J27: 316-680-9464 | L27: =FALSE() -> FALSE | M27: =FALSE() -> FALSE | Q27: https://bytespeed.com/naecad-collegiate-esports-guide/ | R27: 2024
A28: Seward County Community College | B28: Liberal | C28: KS | D28: NJCAAE | E28: Eric | F28: Volden | G28: Head Esports Coach | H28: eric.volden@sccc.edu | I28: Coach / program | L28: =FALSE() -> FALSE | M28: =FALSE() -> FALSE | P28: Program began 2023-24. | Q28: https://seward.prestosports.com/sports/esports/coaches/Eric_Volden | R28: 2024
A29: Massachusetts Bay Community College | B29: Wellesley Hills | C29: MA | H29: admissions@massbay.edu | I29: General inquiry (college) | L29: =FALSE() -> FALSE | M29: =FALSE() -> FALSE | Q29: https://productiverecruit.com/athletic-scholarships/esports/iowa/iowa-western-community-college
A30: Northern Essex Community College | B30: Haverhill | C30: MA | H30: enrollmentservices@necc.mass.edu | I30: General inquiry (college) | L30: =FALSE() -> FALSE | M30: =FALSE() -> FALSE | Q30: https://en.wikipedia.org/wiki/College_esports_in_the_United_States
A31: Anne Arundel Community College | B31: Arnold | C31: MD | E31: Conway | F31: Johnson | G31: Head Esports Coach | H31: wcjohnson2@aacc.edu | I31: Coach / program | J31: 443-996-8509 | L31: =FALSE() -> FALSE | M31: =FALSE() -> FALSE | Q31: https://aacc.prestosports.com/sports/esports/coaches/Conway_Johnson
A32: Central Maine Community College | B32: Auburn | C32: ME | I32: None published | L32: =FALSE() -> FALSE | M32: =FALSE() -> FALSE | P32: No public inquiry email: Admissions 207-755-5273; contact form. | Q32: https://www.animationcareerreview.com/articles/list-us-colleges-varsity-esports-programs
A33: York County Community College | B33: Wells | C33: ME | D33: NJCAAE (from 2026-27) | E33: Aiden | F33: Deshaies | G33: Esports Head Coach | H33: adeshaies@mainecc.edu | I33: Coach / program | J33: 207-216-4309 | L33: =FALSE() -> FALSE | M33: =FALSE() -> FALSE | P33: Moving to NJCAAE for 2026-27. | Q33: https://yorkcountyhawks.com/ESports_makes_move_to_NJCAAe | R33: 2026
A34: Gogebic Community College | B34: Ironwood | C34: MI | D34: NJCAAE | H34: info@gogebic.edu | I34: General inquiry (college) | L34: =FALSE() -> FALSE | M34: =FALSE() -> FALSE | Q34: https://www.hawkeyecollege.edu/articles/news/hawkeye-community-college-esports-program-caps-undefeated-season-with-national-title
A35: Jackson College | B35: Jackson | C35: MI | H35: admissions@jccmi.edu | I35: General inquiry (college) | L35: =FALSE() -> FALSE | M35: =FALSE() -> FALSE | Q35: https://productiverecruit.com/athletic-scholarships/esports/kansas/highland-community-college
A36: Muskegon Community College | B36: Muskegon | C36: MI | D36: NJCAAE | E36: David | F36: Klinger | G36: Head Coach | H36: johnathon.skidmore@muskegoncc.edu | I36: Admissions staff (verify) | L36: =FALSE() -> FALSE | M36: =FALSE() -> FALSE | P36: Named at 2022 launch; college has since posted a head coach opening - confirm. | Q36: https://fox17online.com/news/local-news/muskegon-community-college-launching-esports-program | R36: 2022
A37: Northwestern Michigan College | B37: Traverse City | C37: MI | D37: NJCAAE | H37: admissions@nmc.edu | I37: General inquiry (college) | L37: =FALSE() -> FALSE | M37: =FALSE() -> FALSE | Q37: https://waketech.prestosports.com/sports/esports/2022-23/releases/20221123j6z3l4
A38: St. Clair County Community College | B38: Port Huron | C38: MI | D38: NJCAAE | H38: enrollment@sc4.edu | I38: General inquiry (college) | L38: =FALSE() -> FALSE | M38: =FALSE() -> FALSE | Q38: https://productiverecruit.com/athletic-scholarships/esports/iowa/iowa-western-community-college
A39: Crowder College | B39: Neosho | C39: MO | H39: jamesdickey@crowder.edu | I39: Admissions staff (verify) | L39: =FALSE() -> FALSE | M39: =FALSE() -> FALSE | Q39: https://en.wikipedia.org/wiki/College_esports_in_the_United_States
A40: Missouri State University-West Plains | B40: West Plains | C40: MO | D40: NJCAAE | E40: Alex | F40: Pinnon | G40: Coach | H40: apinnon@missouristate.edu | I40: Coach / program | J40: 417-255-7965 | L40: =FALSE() -> FALSE | M40: =FALSE() -> FALSE | Q40: https://bytespeed.com/naecad-collegiate-esports-guide/ | R40: 2024
A41: North Central Missouri College | B41: Trenton | C41: MO | D41: NJCAAE | E41: Chris | F41: Flowers | G41: Head Esports Coach | H41: cflowers@mail.ncmissouri.edu | I41: Coach / program | J41: 660-359-3948 x1311 | L41: =FALSE() -> FALSE | M41: =FALSE() -> FALSE | Q41: https://ncmc.prestosports.com/sports/esports/Coaches/Chris_Flowers | R41: 2024
A42: Ozarks Technical Community College | B42: Springfield | C42: MO | D42: NACE | E42: Tiffany | F42: Ford | G42: Esports Director | H42: fordt@otc.edu | I42: Coach / program | L42: =FALSE() -> FALSE | M42: =FALSE() -> FALSE | P42: Also CIS Dept. Chair. | Q42: https://students.otc.edu/financialaid/job/esports-assistant/ | R42: 2026
A43: St. Charles Community College | B43: Cottleville | C43: MO | D43: NJCAAE | H43: admissions@stchas.edu | I43: General inquiry (college) | L43: =FALSE() -> FALSE | M43: =FALSE() -> FALSE | P43: Coach not listed. Fallback: AD Dustin Wengert, dwengert@stchas.edu, 636-922-8487. 2026 NJCAAE T3 Valorant champs. | Q43: https://stchas.edu/who-we-are/news/archive/2026/valorant_team_becomes_njcaaet3_champions_and_other_successes.php
A44: St. Louis Community College | B44: St. Louis | C44: MO | D44: NJCAAE | E44: Robert | F44: Cruz | G44: Esports Coordinator | H44: rcruz9@stlcc.edu | I44: Coach / program | L44: =FALSE() -> FALSE | M44: =FALSE() -> FALSE | Q44: https://stlcc.prestosports.com/sports/Esports/coaches/Robert_Cruz | R44: 2024
A45: State Fair Community College | B45: Sedalia | C45: MO | D45: NJCAAE | E45: Jacob | F45: Coleman | G45: Head Esports Coach | H45: jcoleman1@sfccmo.edu | I45: Coach / program | J45: 660-525-4614 | L45: =FALSE() -> FALSE | M45: =FALSE() -> FALSE | P45: Two NJCAAE Rainbow Six Siege national titles. | Q45: https://statefaircc.prestosports.com/sports/esports/coaches/Jacob_Coleman | R45: 2025
A46: State Technical College of Missouri | B46: Linn | C46: MO | D46: NJCAAE | H46: admissions@statetechmo.edu | I46: General inquiry (college) | L46: =FALSE() -> FALSE | M46: =FALSE() -> FALSE | Q46: https://waketech.prestosports.com/sports/esports/2023-24/releases/20231112lwkmks
A47: Mississippi Gulf Coast Community College | B47: Perkinston | C47: MS | I47: None published | L47: =FALSE() -> FALSE | M47: =FALSE() -> FALSE | P47: No public inquiry email: 228-896-2536; contact form. | Q47: https://productiverecruit.com/athletic-scholarships/esports/kansas/highland-community-college
A48: Dawson Community College | B48: Glendive | C48: MT | H48: info@dawson.edu | I48: General inquiry (college) | L48: =FALSE() -> FALSE | M48: =FALSE() -> FALSE | Q48: https://productiverecruit.com/athletic-scholarships/esports/iowa/iowa-central-community-college
A49: Catawba Valley Community College | B49: Hickory | C49: NC | D49: NJCAAE | I49: None published | L49: =FALSE() -> FALSE | M49: =FALSE() -> FALSE | P49: No public inquiry email: 828-327-7000. | Q49: https://theonlineclarion.com/sports/2025/01/21/esports-team-earns-another-national-title-its-3rd-straight
A50: Guilford Technical Community College | B50: Jamestown | C50: NC | D50: NJCAAE | E50: Tu | F50: Nguyen | G50: Esports Coach | H50: tmnguyen3@gtcc.edu | I50: Coach / program | J50: 336-334-4822 x50812 | L50: =FALSE() -> FALSE | M50: =FALSE() -> FALSE | P50: General: esports@gtcc.edu. | Q50: https://www.gtcc.edu/student-life/athletics/esports.php
A51: Louisburg College | B51: Louisburg | C51: NC | H51: lccommunications@louisburg.edu | I51: General inquiry (college) | L51: =FALSE() -> FALSE | M51: =FALSE() -> FALSE | Q51: https://productiverecruit.com/athletic-scholarships/esports/kansas/highland-community-college
A52: South Piedmont Community College | B52: Polkton | C52: NC | D52: NJCAAE | H52: navigate@spcc.edu | I52: General inquiry (college) | L52: =FALSE() -> FALSE | M52: =FALSE() -> FALSE | P52: New program; hiring part-time coach. | Q52: https://www.nccommunitycolleges.edu/about-us/jobs/esports-coach-student-life-communications-coordinator-part-time/ | R52: 2026
A53: Wake Technical Community College | B53: Raleigh | C53: NC | D53: NJCAAE | E53: Patrick | F53: McNair | G53: Director, Esports | H53: pwmcnair@waketech.edu | I53: Coach / program | K53: MackP1 (per 2023 post) | L53: =FALSE() -> FALSE | M53: =FALSE() -> FALSE | P53: Program Discord: discord.gg/ngZxmtjyg7 | Q53: https://waketechsports.com/sports/Esports/coaches/PatrickMcNair | R53: 2024
A54: Bismarck State College | B54: Bismarck | C54: ND | H54: bsc.admissions@bismarckstate.edu | I54: General inquiry (college) | L54: =FALSE() -> FALSE | M54: =FALSE() -> FALSE | Q54: https://productiverecruit.com/athletic-scholarships/esports/michigan/muskegon-community-college
A55: North Dakota State College of Science | B55: Wahpeton | C55: ND | D55: NACE | I55: None published | L55: =FALSE() -> FALSE | M55: =FALSE() -> FALSE | P55: No public inquiry email: Check ndscs.edu. | Q55: https://en.wikipedia.org/wiki/National_Association_of_Collegiate_Esports
A56: Central Community College | B56: Columbus | C56: NE | D56: NJCAAE | E56: Lucas | F56: Lumbra | G56: Head Esports Coach | H56: lucaslumbra@cccneb.edu | I56: Coach / program | J56: 402-562-1496 | L56: =FALSE() -> FALSE | M56: =FALSE() -> FALSE | P56: Multiple Call of Duty national titles. | Q56: https://cccneb.prestosports.com/information/directory/Lucas_Lumbra | R56: 2025
A57: Southeast Community College | B57: Lincoln | C57: NE | D57: NJCAAE | H57: admissions@southeast.edu | I57: General inquiry (college) | L57: =FALSE() -> FALSE | M57: =FALSE() -> FALSE | Q57: https://waketech.prestosports.com/sports/esports/2023-24/schedule
A58: Great Bay Community College | B58: Portsmouth | C58: NH | D58: NACE | H58: askgreatbay@ccsnh.edu | I58: General inquiry (college) | L58: =FALSE() -> FALSE | M58: =FALSE() -> FALSE | Q58: https://en.wikipedia.org/wiki/National_Association_of_Collegiate_Esports
A59: Brookdale Community College | B59: Lincroft | C59: NJ | D59: NJCAAE | E59: Chris | F59: Boehmer | G59: Director of Esports | H59: cboehmer@brookdalecc.edu | I59: Coach / program | L59: =FALSE() -> FALSE | M59: =FALSE() -> FALSE | Q59: https://www.brookdalecc.edu/esports/ | R59: 2026
A60: Camden County College | B60: Blackwood | C60: NJ | D60: NACE | H60: admissions@camdencc.edu | I60: General inquiry (college) | L60: =FALSE() -> FALSE | M60: =FALSE() -> FALSE | Q60: https://www.bestcolleges.com/news/love-esports-here-are-all-the-colleges-with-esports-teams/
A61: Ocean County College | B61: Toms River | C61: NJ | D61: NJCAAE | E61: John | F61: Ruhl | G61: Head Coach | H61: occ-e-sports@ocean.edu | I61: Coach / program | L61: =FALSE() -> FALSE | M61: =FALSE() -> FALSE | P61: Info from 2020 - confirm. | Q61: https://oceancc.prestosports.com/genrel/12-11-20_OCC_Esports_To_Add_3_Games_to_Season | R61: 2020
A62: Passaic County Community College | B62: Paterson | C62: NJ | E62: Lamar | F62: Carter | G62: Esports Coordinator/Coach | H62: lcarter0761@pccc.edu | I62: Coach / program | L62: =FALSE() -> FALSE | M62: =FALSE() -> FALSE | P62: Info from 2020 - confirm. | Q62: https://pccc.edu/meet-lamar-carter-pcccs-new-esports-coordinator-coach/ | R62: 2020
A63: Sussex County Community College | B63: Newton | C63: NJ | H63: admissions@sussex.edu | I63: General inquiry (college) | L63: =FALSE() -> FALSE | M63: =FALSE() -> FALSE | Q63: https://sussex.edu/about-sussex/jobs/sussex-jobs/pt-coach-esports
A64: Union College of Union County | B64: Cranford | C64: NJ | D64: NJCAAE | I64: None published | L64: =FALSE() -> FALSE | M64: =FALSE() -> FALSE | P64: No public inquiry email: Inquiry form on ucc.edu. | Q64: https://waketech.prestosports.com/sports/esports/2023-24/schedule
A65: Dutchess Community College | B65: Poughkeepsie | C65: NY | H65: admissions@sunydutchess.edu | I65: General inquiry (college) | L65: =FALSE() -> FALSE | M65: =FALSE() -> FALSE | Q65: https://productiverecruit.com/athletic-scholarships/esports/iowa/iowa-western-community-college
A66: Finger Lakes Community College | B66: Canandaigua | C66: NY | H66: admissions@flcc.edu | I66: General inquiry (college) | L66: =FALSE() -> FALSE | M66: =FALSE() -> FALSE | Q66: https://productiverecruit.com/athletic-scholarships/esports/kansas/highland-community-college
A67: Hudson Valley Community College | B67: Troy | C67: NY | E67: Aaron | F67: Hebert | G67: Head Coach | H67: a.hebert@hvcc.edu | I67: Coach / program | J67: 518-629-7328 | K67: HVCC Esports (program server) | L67: =FALSE() -> FALSE | M67: =FALSE() -> FALSE | P67: General: esports@hvcc.edu. | Q67: https://hvcc.prestosports.com/sports/esports/coaches/Aaron_Hebert | R67: 2022
A68: Nassau Community College | B68: Garden City | C68: NY | I68: None published | L68: =FALSE() -> FALSE | M68: =FALSE() -> FALSE | P68: No public inquiry email: 516-572-7501; inquiry form on ncc.edu. | Q68: https://productiverecruit.com/athletic-scholarships/esports/pennsylvania/montgomery-county-community-college
A69: Onondaga Community College | B69: Syracuse | C69: NY | D69: NJCAAE | E69: Keith | F69: Edwards | G69: Head Coach | H69: occinfo@sunyocc.edu | I69: General inquiry (college) | L69: =FALSE() -> FALSE | M69: =FALSE() -> FALSE | P69: Named 2022 - confirm. | Q69: https://onondagalazers.com/news/2022/5/25/occ-launching-e-sports-program.aspx | R69: 2022
A70: Rockland Community College | B70: Suffern | C70: NY | H70: admissions@sunyrockland.edu | I70: General inquiry (college) | L70: =FALSE() -> FALSE | M70: =FALSE() -> FALSE | Q70: https://productiverecruit.com/athletic-scholarships/esports/iowa/iowa-western-community-college
A71: SUNY Sullivan | B71: Loch Sheldrake | C71: NY | H71: info@sunysullivan.edu | I71: General inquiry (college) | L71: =FALSE() -> FALSE | M71: =FALSE() -> FALSE | Q71: https://productiverecruit.com/athletic-scholarships/esports/kansas/highland-community-college
A72: Suffolk County Community College | B72: Selden | C72: NY | E72: Shane | F72: Gordon | G72: Head Coach, eSports | H72: athletics@sunysuffolk.edu | I72: Coach / program | J72: 631-451-4380 | L72: =FALSE() -> FALSE | M72: =FALSE() -> FALSE | P72: Email is the general athletics inbox. | Q72: https://sunysuffolkathletics.com/sports/esports/coaches/GORDON_SHANE
A73: Hocking College | B73: Nelsonville | C73: OH | E73: Mark | F73: Riley | G73: Esports Director | H73: rileym24177@hocking.edu | I73: Coach / program | J73: 740-753-7209 | L73: =FALSE() -> FALSE | M73: =FALSE() -> FALSE | Q73: https://bytespeed.com/naecad-collegiate-esports-guide/ | R73: 2024
A74: Lakeland Community College | B74: Kirtland | C74: OH | D74: NJCAAE | E74: Jeremiah | F74: Mrazeck | G74: Esports Head Coach | H74: jmrazeck2@lakelandcc.edu | I74: Coach / program | L74: =FALSE() -> FALSE | M74: =FALSE() -> FALSE | P74: New head coach for 2025-26. | Q74: https://athletics.lakelandcc.edu/sports/esports/coaches/Jeremiah_Mrazeck | R74: 2025
A75: Lorain County Community College | B75: Elyria | C75: OH | D75: NJCAAE | E75: Robert | F75: McClelland | G75: Head Coach | H75: esports@lorainccc.edu | I75: Coach / program | J75: 440-610-9349 | L75: =FALSE() -> FALSE | M75: =FALSE() -> FALSE | P75: Asst. coach Rashad Reed (rreed@lorainccc.edu). | Q75: https://loraincounty.prestosports.com/sports/esports/coaches/robert_mclelland | R75: 2025
A76: Northwest State Community College | B76: Archbold | C76: OH | D76: NACE | H76: sfloyd@northweststate.edu | I76: Admissions staff (verify) | L76: =FALSE() -> FALSE | M76: =FALSE() -> FALSE | Q76: https://en.wikipedia.org/wiki/National_Association_of_Collegiate_Esports
A77: Southern State Community College | B77: Hillsboro | C77: OH | D77: NACE | H77: info@sscc.edu | I77: General inquiry (college) | L77: =FALSE() -> FALSE | M77: =FALSE() -> FALSE | Q77: https://en.wikipedia.org/wiki/National_Association_of_Collegiate_Esports
A78: Carl Albert State College | B78: Poteau | C78: OK | I78: None published | L78: =FALSE() -> FALSE | M78: =FALSE() -> FALSE | P78: No public inquiry email: 918-647-1200. | Q78: https://productiverecruit.com/athletic-scholarships/esports/iowa/iowa-central-community-college
A79: Murray State College | B79: Tishomingo | C79: OK | E79: Bobby | F79: Alexander | G79: Esports Director | H79: ralexander@mscok.edu | I79: Coach / program | J79: 580-277-1084 | L79: =FALSE() -> FALSE | M79: =FALSE() -> FALSE | Q79: https://bytespeed.com/naecad-collegiate-esports-guide/ | R79: 2024
A80: Seminole State College | B80: Seminole | C80: OK | D80: NJCAAE | H80: s.morris@sscok.edu | I80: Admissions staff (verify) | L80: =FALSE() -> FALSE | M80: =FALSE() -> FALSE | P80: Joined NJCAAE Sept. 2025. | Q80: https://sscok.edu/_assets/pdfs/sponsored-Grant-programs/NASNTI/newsletters/2025/December NASNTI Newsletter 2025.pdf | R80: 2025
A81: Southwestern Oregon Community College | B81: Coos Bay | C81: OR | I81: None published | L81: =FALSE() -> FALSE | M81: =FALSE() -> FALSE | P81: No public inquiry email: 541-888-2525. | Q81: https://www.animationcareerreview.com/articles/list-us-colleges-varsity-esports-programs
A82: Umpqua Community College | B82: Roseburg | C82: OR | D82: NJCAAE | E82: R.J. | F82: Mills | G82: Head Coach | I82: None published | L82: =FALSE() -> FALSE | M82: =FALSE() -> FALSE | P82: Named 2020 - confirm. No public inquiry email: Admissions 541-440-7743. | Q82: https://umpqua.prestosports.com/sports/esports/2020-21/releases/20200819orrcxa | R82: 2020
A83: Community College of Allegheny County | B83: Pittsburgh | C83: PA | D83: NECC | E83: Jeffery | F83: Johnstone | G83: Esports Program Coordinator | H83: jjohnstone@ccac.edu | I83: Coach / program | L83: =FALSE() -> FALSE | M83: =FALSE() -> FALSE | P83: General: eSports@ccac.edu. Club advisor Andrew Thames (athames@ccac.edu). | Q83: https://www.ccac.edu/campus-life/esports.php | R83: 2025
A84: HACC, Central Pennsylvania's Community College | B84: Harrisburg | C84: PA | E84: Neftali | F84: Perez | G84: Head Esports Coach | I84: None published | L84: =FALSE() -> FALSE | M84: =FALSE() -> FALSE | P84: Runs the program's Discord server. No public inquiry email: 800-ABC-HACC; contact form on hacc.edu. | Q84: https://harrisburg.prestosports.com/sports/esports/coaches/Head_Coach_eSports
A85: Lackawanna College | B85: Scranton | C85: PA | D85: NJCAAE | E85: Teddy | F85: Delaney | G85: Esports Program Administrator | H85: esports@lackawanna.edu | I85: Coach / program | J85: 570-961-7822 | L85: =FALSE() -> FALSE | M85: =FALSE() -> FALSE | P85: Alt. email: DeeR@Lackawanna.edu. | Q85: https://bytespeed.com/naecad-collegiate-esports-guide/ | R85: 2024
A86: Luzerne County Community College | B86: Nanticoke | C86: PA | D86: NJCAAE | E86: Kyle | F86: Davis | G86: Coach | H86: admissions@luzerne.edu | I86: General inquiry (college) | J86: 570-740-0483 | L86: =FALSE() -> FALSE | M86: =FALSE() -> FALSE | P86: Email is listed on the linked page. | Q86: https://www.luzerne.edu/studentlife/athletics/sport.jsp?id=10
A87: Montgomery County Community College | B87: Blue Bell | C87: PA | D87: NJCAAE / NACE | I87: None published | L87: =FALSE() -> FALSE | M87: =FALSE() -> FALSE | P87: Coach not listed publicly. No public inquiry email: 215-641-6300 general inquiries. | Q87: https://productiverecruit.com/athletic-scholarships/esports/pennsylvania/montgomery-county-community-college
A88: Pennsylvania Highlands Community College | B88: Johnstown | C88: PA | D88: NJCAAE | E88: Chris | F88: Weakley | G88: Head Coach | H88: jmaul@pennhighlands.edu | I88: Admissions staff (verify) | L88: =FALSE() -> FALSE | M88: =FALSE() -> FALSE | P88: Co-head coach: John Rickabaugh. Email links on the program page. | Q88: https://www.pennhighlands.edu/?p=29965
A89: Alvin Community College | B89: Alvin | C89: TX | D89: NJCAAE | I89: None published | L89: =FALSE() -> FALSE | M89: =FALSE() -> FALSE | P89: Hiring part-time head coach. No public inquiry email: 281-756-3500; Welcome Center live chat. | Q89: https://careers.insidehighered.com/job/3556889/part-time-e-sports-head-coach/ | R89: 2026
A90: Amarillo College | B90: Amarillo | C90: TX | E90: Chris | F90: George | G90: Esports Director | H90: esports@actx.edu | I90: Coach / program | J90: 806-679-3519 | L90: =FALSE() -> FALSE | M90: =FALSE() -> FALSE | Q90: https://bytespeed.com/naecad-collegiate-esports-guide/ | R90: 2024
A91: Blinn College | B91: Brenham / Bryan | C91: TX | D91: NJCAAE / NACE | E91: Aaron | F91: Kapiko | G91: Head Coach | H91: aaron.kapiko@blinn.edu | I91: Coach / program | J91: 979-209-7415 | L91: =FALSE() -> FALSE | M91: =FALSE() -> FALSE | P91: Fall 2026 contacts listed were asst. coaches Kyle Murto (kyle.murto@blinn.edu) and Ryan Lucich (ryan.lucich@blinn.edu). | Q91: https://www.blinn.edu/news/2026/08/esports-tryouts.html | R91: 2026
A92: Brazosport College | B92: Lake Jackson | C92: TX | D92: NJCAAE | I92: None published | L92: =FALSE() -> FALSE | M92: =FALSE() -> FALSE | P92: Featured on NJCAAE site. No public inquiry email: Main site blocks automated lookup; check brazosport.edu. | Q92: https://www.njcaaesports.org/
A93: Coastal Bend College | B93: Beeville | C93: TX | D93: NACE | I93: None published | L93: =FALSE() -> FALSE | M93: =FALSE() -> FALSE | P93: No public inquiry email: Check coastalbend.edu. | Q93: https://www.bestcolleges.com/news/love-esports-here-are-all-the-colleges-with-esports-teams/
A94: Dallas College | B94: Dallas | C94: TX | D94: NJCAAE | E94: Sky | F94: McCort | G94: Esports Head Coach | H94: smccort@dallascollege.edu | I94: Coach / program | L94: =FALSE() -> FALSE | M94: =FALSE() -> FALSE | P94: Coaches several campuses. Director of Esports: Krasi Kolarov. | Q94: https://brookhaven.prestosports.com/sports/esports/coaches/Sky_McCort | R94: 2024
A95: Grayson College | B95: Denison | C95: TX | I95: None published | L95: =FALSE() -> FALSE | M95: =FALSE() -> FALSE | P95: No public inquiry email: 903-465-6030; information inquiry form. | Q95: https://productiverecruit.com/athletic-scholarships/esports/kansas/highland-community-college
A96: Midland College | B96: Midland | C96: TX | D96: NJCAAE (Engagement League) | H96: welcome@midland.edu | I96: General inquiry (college) | L96: =FALSE() -> FALSE | M96: =FALSE() -> FALSE | P96: Joined NJCAAE Fall 2026; competitive play Spring 2027. | Q96: https://www.govtech.com/education/higher-ed/midland-college-joins-njcaa-esports-league | R96: 2026
A97: Trinity Valley Community College | B97: Athens | C97: TX | D97: NJCAAE | E97: James | F97: Jones | G97: Head Coach | H97: James.jones@tvcc.edu | I97: Coach / program | J97: 903-330-3937 | L97: =FALSE() -> FALSE | M97: =FALSE() -> FALSE | Q97: https://bytespeed.com/naecad-collegiate-esports-guide/ | R97: 2024
A98: Salt Lake Community College | B98: Salt Lake City | C98: UT | D98: NJCAAE | E98: Jeffrey | F98: Sosa | G98: Esports Director | I98: None published | L98: =FALSE() -> FALSE | M98: =FALSE() -> FALSE | P98: Hired 2023 - confirm. No public inquiry email: Enrollment 801-957-4073. | Q98: https://www.globeslcc.com/2022/11/29/bruin-athletics-new-esports-director-jeffrey-sosa | R98: 2023
A99: Snow College | B99: Ephraim | C99: UT | D99: NJCAAE | H99: snowcollege@snow.edu | I99: General inquiry (college) | L99: =FALSE() -> FALSE | M99: =FALSE() -> FALSE | Q99: https://stats.njcaa.org/general/2020-21/releases/20200831nzu7ll
A100: Bryant & Stratton College - Virginia Beach | B100: Virginia Beach | C100: VA | D100: NJCAAE | I100: None published | L100: =FALSE() -> FALSE | M100: =FALSE() -> FALSE | P100: No public inquiry email: Check bryantstratton.edu. | Q100: https://waketech.prestosports.com/sports/esports/2023-24/schedule
...

Sheet Summary
A1: NCEO Outreach Summary
A3: Colleges on list | B3: =COUNTA(Contacts!A2:A1000) -> 112
A4: With a named contact | B4: =COUNTIF(Contacts!E2:E1000,"?*") -> 53
A5: With any email address | B5: =COUNTIF(Contacts!H2:H1000,"?*") -> 83
A6: Coach / program email | B6: =COUNTIF(Contacts!I2:I1000,"Coach / program") -> 35
A7: General / admissions / athletics | B7: =B5-B6 -> 48
A8: Contacted | B8: =COUNTIF(Contacts!L2:L1000,TRUE()) -> 0
A9: Interested | B9: =COUNTIF(Contacts!M2:M1000,TRUE()) -> 0
A10: Interest rate (of contacted) | B10: =IF(B8=0,0,B9/B8) -> 0
A11: Still to contact | B11: =B3-B8 -> 112
A14: By state
A15: State | B15: Colleges | C15: Contacted | D15: Interested
A16: AL | B16: =COUNTIF(Contacts!$C$2:$C$1000,A16) -> 1 | C16: =COUNTIFS(Contacts!$C$2:$C$1000,A16,Contacts!$L$2:$L$1000,TRUE()) -> 0 | D16: =COUNTIFS(Contacts!$C$2:$C$1000,A16,Contacts!$M$2:$M$1000,TRUE()) -> 0
A17: AR | B17: =COUNTIF(Contacts!$C$2:$C$1000,A17) -> 1 | C17: =COUNTIFS(Contacts!$C$2:$C$1000,A17,Contacts!$L$2:$L$1000,TRUE()) -> 0 | D17: =COUNTIFS(Contacts!$C$2:$C$1000,A17,Contacts!$M$2:$M$1000,TRUE()) -> 0
A18: AZ | B18: =COUNTIF(Contacts!$C$2:$C$1000,A18) -> 1 | C18: =COUNTIFS(Contacts!$C$2:$C$1000,A18,Contacts!$L$2:$L$1000,TRUE()) -> 0 | D18: =COUNTIFS(Contacts!$C$2:$C$1000,A18,Contacts!$M$2:$M$1000,TRUE()) -> 0
A19: CA | B19: =COUNTIF(Contacts!$C$2:$C$1000,A19) -> 4 | C19: =COUNTIFS(Contacts!$C$2:$C$1000,A19,Contacts!$L$2:$L$1000,TRUE()) -> 0 | D19: =COUNTIFS(Contacts!$C$2:$C$1000,A19,Contacts!$M$2:$M$1000,TRUE()) -> 0
A20: CO | B20: =COUNTIF(Contacts!$C$2:$C$1000,A20) -> 1 | C20: =COUNTIFS(Contacts!$C$2:$C$1000,A20,Contacts!$L$2:$L$1000,TRUE()) -> 0 | D20: =COUNTIFS(Contacts!$C$2:$C$1000,A20,Contacts!$M$2:$M$1000,TRUE()) -> 0
A21: FL | B21: =COUNTIF(Contacts!$C$2:$C$1000,A21) -> 1 | C21: =COUNTIFS(Contacts!$C$2:$C$1000,A21,Contacts!$L$2:$L$1000,TRUE()) -> 0 | D21: =COUNTIFS(Contacts!$C$2:$C$1000,A21,Contacts!$M$2:$M$1000,TRUE()) -> 0
A22: IA | B22: =COUNTIF(Contacts!$C$2:$C$1000,A22) -> 5 | C22: =COUNTIFS(Contacts!$C$2:$C$1000,A22,Contacts!$L$2:$L$1000,TRUE()) -> 0 | D22: =COUNTIFS(Contacts!$C$2:$C$1000,A22,Contacts!$M$2:$M$1000,TRUE()) -> 0
A23: IL | B23: =COUNTIF(Contacts!$C$2:$C$1000,A23) -> 5 | C23: =COUNTIFS(Contacts!$C$2:$C$1000,A23,Contacts!$L$2:$L$1000,TRUE()) -> 0 | D23: =COUNTIFS(Contacts!$C$2:$C$1000,A23,Contacts!$M$2:$M$1000,TRUE()) -> 0
A24: KS | B24: =COUNTIF(Contacts!$C$2:$C$1000,A24) -> 8 | C24: =COUNTIFS(Contacts!$C$2:$C$1000,A24,Contacts!$L$2:$L$1000,TRUE()) -> 0 | D24: =COUNTIFS(Contacts!$C$2:$C$1000,A24,Contacts!$M$2:$M$1000,TRUE()) -> 0
A25: MA | B25: =COUNTIF(Contacts!$C$2:$C$1000,A25) -> 2 | C25: =COUNTIFS(Contacts!$C$2:$C$1000,A25,Contacts!$L$2:$L$1000,TRUE()) -> 0 | D25: =COUNTIFS(Contacts!$C$2:$C$1000,A25,Contacts!$M$2:$M$1000,TRUE()) -> 0
A26: MD | B26: =COUNTIF(Contacts!$C$2:$C$1000,A26) -> 1 | C26: =COUNTIFS(Contacts!$C$2:$C$1000,A26,Contacts!$L$2:$L$1000,TRUE()) -> 0 | D26: =COUNTIFS(Contacts!$C$2:$C$1000,A26,Contacts!$M$2:$M$1000,TRUE()) -> 0
A27: ME | B27: =COUNTIF(Contacts!$C$2:$C$1000,A27) -> 2 | C27: =COUNTIFS(Contacts!$C$2:$C$1000,A27,Contacts!$L$2:$L$1000,TRUE()) -> 0 | D27: =COUNTIFS(Contacts!$C$2:$C$1000,A27,Contacts!$M$2:$M$1000,TRUE()) -> 0
... A48: WY | B48: =COUNTIF(Contacts!$C$2:$C$1000,A48) -> 2 | C48: =COUNTIFS(Contacts!$C$2:$C$1000,A48,Contacts!$L$2:$L$1000,TRUE()) -> 0 | D48: =COUNTIFS(Contacts!$C$2:$C$1000,A48,Contacts!$M$2:$M$1000,TRUE()) -> 0

Sheet Read Me
A1: How to use this list
A3: Contacted / Interested: set each cell to TRUE or FALSE from the dropdown. Rows turn blue when contacted and green when interested.
A4: Want real clickable checkboxes? In Excel 365: select L2:M(last row) > Insert > Checkbox. In Google Sheets: select the range > Insert > Checkbox. The TRUE/FALSE values convert automatically.
A5: Date Contacted / Follow-Up Date: enter dates (mm/dd/yyyy). Notes: free text for your call/email history.
A6: Email Type tells you who an address reaches:
A7: Coach / program = the esports coach, director, or program inbox.
A8: General inquiry (college) = the college's own info/admissions inbox, taken from its website. Ask them to forward to the esports coach.
A9: Admissions staff (verify) = a named admissions staffer from the Peterson's college directory; may be outdated, so check before sending.
A10: Athletics office = the athletics department inbox.
A11: None published = the college only offers a web form or phone; the number is in Notes.
A12: Yellow Email cells = no email found. Info Last Seen = the year of the source for coach details; confirm anything 2022 or older.
A14: How the list was built (Oct 2026)
... A17: This is not every 2-year program in the country. Good next sources: NJCAAE's competition platform standings (LeagueOS), NJCAA region pages, and asking contacts who else is in their conference.
